ProjectId,Eb-DeviceId,Ew-DeviceId
中天1,356b2ba0-19ac-11ef-81c6-11a0480e861a,
中天2,35f47fe0-19ac-11ef-81c6-11a0480e861a,
中天3,369a83e0-19ac-11ef-81c6-11a0480e861a,
中天4,3706da40-19ac-11ef-81c6-11a0480e861a,
中天5,376af340-19ac-11ef-81c6-11a0480e861a,
中天6,37f3d250-19ac-11ef-81c6-11a0480e861a,
中天7,387892b0-19ac-11ef-81c6-11a0480e861a,
中天8,38b0e0c0-19ac-11ef-81c6-11a0480e861a,
中天9,392a5680-19ac-11ef-81c6-11a0480e861a,
中天10,3977da40-19ac-11ef-81c6-11a0480e861a,
中天11,39c31410-19ac-11ef-81c6-11a0480e861a,
中天12,39fc4c80-19ac-11ef-81c6-11a0480e861a,
中天13,3a54f3d0-19ac-11ef-81c6-11a0480e861a,
中天14,3aa38900-19ac-11ef-81c6-11a0480e861a,
中天15,3adbb000-19ac-11ef-81c6-11a0480e861a,
中天16,3b47b840-19ac-11ef-81c6-11a0480e861a,
中天17,3bc72170-19ac-11ef-81c6-11a0480e861a,
中天18,3c360fe0-19ac-11ef-81c6-11a0480e861a,
中天19,3c87b250-19ac-11ef-81c6-11a0480e861a,
中天20,3cb774e0-19ac-11ef-81c6-11a0480e861a,
中天21,3d39eb50-19ac-11ef-81c6-11a0480e861a,
中天22,3db86a20-19ac-11ef-81c6-11a0480e861a,
中天23,3e3c6730-19ac-11ef-81c6-11a0480e861a,
中天24,3e975870-19ac-11ef-81c6-11a0480e861a,
中天25,3f0ed260-19ac-11ef-81c6-11a0480e861a,
中天26,3fd6b640-19ac-11ef-81c6-11a0480e861a,
中天27,404e0920-19ac-11ef-81c6-11a0480e861a,
中天28,415fc740-19ac-11ef-81c6-11a0480e861a,
中天29,41e6f8a0-19ac-11ef-81c6-11a0480e861a,
中天30,425aa200-19ac-11ef-81c6-11a0480e861a,